id;name;surname;birth_date;birth_place;gender;tax_code;email;phone;category;subcription_type_id;path_type;team_id;athlete_id;date;attribute;payment_type;payment_received_code;payed;payed_price
1;Central African Republic;magenta heuristic;2019-11-15;Naira iterate;MALE;Generic B2B;Cindy.Oberbrunner@gmail.com;252.039.2946;Falkland Islands (Malvinas);30952;41120;81379;Pound Sterling Keyboard;2019-11-15T18:46:27;parsing;PAYPAL;Accountability;true;55158
2;Chair;drive online;2019-11-15;Shirt Credit Card Account disintermediate;FEMALE;24/7;Arch_Stracke53@gmail.com;799.557.7978 x32242;User-friendly;27473;60617;20722;SMTP;2019-11-15T22:28:06;Fantastic Concrete Computer Baby;PAYPAL;solution connecting;true;56093
3;PNG;Connecticut Burg;2019-11-16;bluetooth payment digital;FEMALE;withdrawal Jamaica;Stuart_Reinger@gmail.com;1-479-326-5869 x714;indexing compress Practical Steel Chips;62080;49261;34741;orchid;2019-11-16T02:43:29;robust;PAYPAL;enable;true;64087
4;Chicken;e-business RSS;2019-11-16;Officer Savings Account Automated;FEMALE;Brazil;Jailyn89@yahoo.com;153.630.0746;Sleek GB Regional;6107;259;27687;primary quantify Chips;2019-11-16T11:36:43;cultivate Bedfordshire;PAYPAL;bypass Games Customer-focused;true;68716
5;connecting generate Music;Inlet Hungary Configurable;2019-11-16;leverage Toys software;FEMALE;Concrete National;Jaren_Pagac@yahoo.com;440-557-5575 x4513;viral;89964;64591;60755;Grass-roots Cambridgeshire;2019-11-16T08:42:28;Integration Music;CREDIT_TRANSFER;Avon;true;18656
6;scalable;Unbranded Fresh Car;2019-11-16;Grocery Rand Namibia Dollar;MALE;Jewelery Engineer Bedfordshire;Marcelino_Schuster55@hotmail.com;1-542-872-1937 x415;Open-source Metal Auto Loan Account;28863;8729;58123;Sausages Haven;2019-11-16T03:51:15;Fantastic Plastic Table Rubber;CREDIT_TRANSFER;open architecture;true;8786
7;Metal;hack;2019-11-16;Place users;FEMALE;Administrator Frozen matrix;Conrad.Davis@hotmail.com;1-775-087-1877 x27181;open-source;66519;63375;52306;granular HDD whiteboard;2019-11-15T21:02:17;models e-enable;PAYPAL;Borders Grass-roots;true;39148
8;Mali Unbranded Concrete Soap;Cotton Tactics;2019-11-16;cross-media Wooden optical;FEMALE;mobile Cheese;Mekhi_Franecki14@gmail.com;257-748-7318;Fantastic indexing;12748;60395;39728;haptic Shoes;2019-11-16T11:08:03;application driver;PAYPAL;Persistent transparent Chips;true;34252
9;Intuitive vortals;Communications;2019-11-16;Connecticut Avon Money Market Account;MALE;Security Virginia;Patrick70@hotmail.com;(175) 360-4071 x9899;Wooden Visionary;16552;83889;18632;programming;2019-11-16T08:39:53;instruction set Persistent Investment Account;PAYPAL;Money Market Account;false;39816
10;Switzerland Chief;Inlet Rue;2019-11-15;Idaho Grocery;MALE;Automotive frame;Kraig.Gorczany@hotmail.com;265-199-4154;Awesome Officer Bedfordshire;59538;30993;6707;index indigo;2019-11-15T19:04:59;turquoise orchid;CREDIT_TRANSFER;New Jersey Gorgeous Soft Fish Mountain;true;53445
