id;name;surname;birth_date;birth_place;gender;tax_code;email;phone;category;subcription_type_id;path_type;team_id;athlete_id;date;payment_type;payed;payed_price
1;Music Salad North Carolina;circuit Forward;frictionless solution-oriented;distributed Computers;FEMALE;SQL lavender;Norene11@hotmail.com;(549) 847-1440 x52756;incentivize purple;64505;83493;42170;Granite Corporate Lari;2019-08-04T23:43:48;CREDIT_TRANSFER;true;11775
2;Missouri actuating India;Buckinghamshire microchip;Games;tertiary;MALE;Phased payment;Chanelle_Marquardt41@yahoo.com;375-403-1971 x006;Business-focused generate grid-enabled;35567;91551;71904;methodology West Virginia Keys;2019-08-05T00:11:54;CREDIT_TRANSFER;false;53984
3;Soap;Refined Granite Sausages Savings Account extensible;Course robust bricks-and-clicks;Buckinghamshire Nepalese Rupee;FEMALE;auxiliary;Vivian59@hotmail.com;1-330-899-1796;Cocos (Keeling) Islands Awesome;95817;87294;75839;invoice calculate feed;2019-08-05T00:49:59;PAYPAL;true;98766
4;Branding;Handcrafted Rubber Sausages;Towels Mississippi Product;Metal;FEMALE;online program Refined Granite Gloves;Rhoda65@yahoo.com;325.140.8653 x474;Kansas;80397;53949;53840;withdrawal alarm Timor-Leste;2019-08-05T05:52:58;CREDIT_TRANSFER;false;87009
5;Books CSS Holy See (Vatican City State);Data Tasty Steel Pants Licensed Steel Shirt;Manor;Utah zero defect;MALE;Russian Federation program;Berniece.Konopelski@gmail.com;(827) 250-2099;partnerships;38432;39163;67964;lavender;2019-08-04T17:19:39;CREDIT_TRANSFER;true;88419
6;Investment Account Investor Officer;Associate Intuitive Creative;Phased connecting;Automated;FEMALE;lavender;Reyes.Heidenreich62@hotmail.com;285.959.5123 x57469;Forward;46338;22444;62293;generate;2019-08-05T15:17:22;CREDIT_TRANSFER;false;87746
7;didactic Granite;Tasty Fresh Pizza Jewelery monitoring;Russian Federation Gorgeous ROI;Computers Saint Helena Pound;MALE;Integration;Marjorie99@gmail.com;(048) 455-9853 x66558;circuit;52126;79742;86816;Synchronised Pizza;2019-08-05T12:16:36;PAYPAL;false;61861
8;override Salad XSS;Burg SAS Music;one-to-one reboot Chair;Tennessee generate Adaptive;MALE;website New York;Devan.Hirthe@gmail.com;1-871-127-0549 x833;Sausages bypass;78880;93722;17375;bypass Paradigm Chicken;2019-08-04T21:37:22;PAYPAL;false;34588
9;Checking Account;SCSI;Technician Architect calculate;Auto Loan Account;FEMALE;target;Ola.Fritsch44@hotmail.com;249.941.4815;calculating conglomeration bypassing;77282;68049;23005;Plastic XSS;2019-08-04T17:00:32;PAYPAL;true;94361
10;applications invoice unleash;methodologies;e-services;program override red;FEMALE;Vietnam Mouse;Santa.Bosco77@gmail.com;(857) 067-1209 x996;online;48152;123;11730;Rubber Ethiopian Birr;2019-08-05T05:47:57;PAYPAL;false;65151
